id,first_name,last_name,email,gender,ip_address
1,Dave,Carnelley,dcarnelley0@whitehouse.gov,Male,38.213.79.28
2,Lamond,Pattesall,lpattesall1@slate.com,Male,169.66.118.17
3,Aurlie,Chesshyre,achesshyre2@sbwire.com,Genderfluid,235.173.43.21
4,Sindee,Ogle,sogle3@noaa.gov,Female,56.80.204.211
5,Marjy,Twaite,mtwaite4@bloomberg.com,Female,226.100.66.158
6,Phaidra,Headington,pheadington5@mapquest.com,Female,157.101.98.239
7,Dolf,Skea,dskea6@indiatimes.com,Male,13.143.121.226
8,Demetra,Sandwith,dsandwith7@yahoo.co.jp,Female,142.93.23.67
9,Francesco,Schiementz,fschiementz8@nps.gov,Male,101.166.109.54
10,Kristoffer,Raffeorty,kraffeorty9@creativecommons.org,Male,142.16.18.26
11,Diena,Anstice,dansticea@uol.com.br,Female,126.89.105.143
12,Zack,MacClinton,zmacclintonb@java.com,Male,99.83.148.205
13,Logan,Paffett,lpaffettc@ucla.edu,Male,94.162.99.165
14,Gabrila,O'Mara,gomarad@google.pl,Female,162.143.5.216
15,Sayre,Ovey,soveye@indiatimes.com,Male,158.66.53.179
16,Ginger,Stollenbeck,gstollenbeckf@last.fm,Male,115.210.14.115
17,Starlene,Tolson,stolsong@jiathis.com,Female,145.169.163.110
18,Zea,Ambrosini,zambrosinih@reuters.com,Female,153.254.5.177
19,Mickey,Vardie,mvardiei@ucoz.com,Male,174.54.161.253
20,Justinian,Bascombe,jbascombej@woothemes.com,Male,52.231.82.122
21,Reinald,Iori,riorik@spotify.com,Male,155.150.210.117
22,Tabbatha,Zanassi,tzanassil@alexa.com,Bigender,47.128.63.231
23,Latrena,Hansill,lhansillm@vk.com,Female,231.36.209.188
24,Emmalynn,Haffard,ehaffardn@sciencedirect.com,Female,166.180.43.1
25,Celinda,Serjent,cserjento@opera.com,Female,98.232.147.224
26,Purcell,Terrey,pterreyp@wufoo.com,Male,56.10.94.248
27,Rorie,Crasswell,rcrasswellq@gov.uk,Female,9.224.90.65
28,Donella,Nasey,dnaseyr@yahoo.co.jp,Female,174.38.59.149
29,Dana,Trevino,dtrevinos@reverbnation.com,Male,40.227.151.192
30,Angelita,Roscrigg,aroscriggt@altervista.org,Female,19.85.54.183
31,Enrico,Guillain,eguillainu@usgs.gov,Male,217.48.159.174
32,Trueman,Archibold,tarchiboldv@marketwatch.com,Male,8.82.116.168
33,Leodora,Brisley,lbrisleyw@google.fr,Female,89.177.132.115
34,Ermin,Bunhill,ebunhillx@ifeng.com,Male,201.3.208.225
35,Elga,Stollsteiner,estollsteinery@forbes.com,Female,126.85.210.35
36,Mureil,Steckings,msteckingsz@ed.gov,Female,2.54.245.35
37,Kirsti,Lilly,klilly10@biglobe.ne.jp,Female,163.246.1.75
38,Levin,Whelpton,lwhelpton11@domainmarket.com,Male,154.253.68.73
39,Adela,Standeven,astandeven12@lulu.com,Female,247.150.106.36
40,Maxine,Selly,mselly13@phoca.cz,Female,103.242.174.191
41,George,Claybourn,gclaybourn14@google.ru,Male,149.18.8.24
42,Ara,Ianitti,aianitti15@linkedin.com,Male,193.2.193.231
43,Doralynne,Shanks,dshanks16@ehow.com,Female,27.8.205.189
44,Hollis,Tedman,htedman17@cmu.edu,Genderqueer,180.18.236.245
45,Kathie,Wilmot,kwilmot18@dropbox.com,Genderfluid,111.198.60.140
46,Gilemette,Neenan,gneenan19@taobao.com,Female,184.119.124.242
47,Lanie,Coomber,lcoomber1a@imdb.com,Male,93.26.16.226
48,Vail,Wilkenson,vwilkenson1b@a8.net,Male,133.179.159.234
49,Barbabra,Swaine,bswaine1c@ustream.tv,Female,122.183.122.241
50,Gino,Aleksashin,galeksashin1d@furl.net,Male,209.21.153.46
51,Farrel,Clayden,fclayden1e@fda.gov,Male,82.224.117.146
52,Bertrand,Pellew,bpellew1f@aboutads.info,Male,183.248.237.214
53,Caesar,Benam,cbenam1g@sbwire.com,Male,87.139.248.199
54,Patty,Ruperti,pruperti1h@wiley.com,Male,28.198.22.34
55,Burke,Trousdell,btrousdell1i@howstuffworks.com,Male,5.52.22.234
56,Rollo,Catchpole,rcatchpole1j@shinystat.com,Male,44.83.92.245
57,Robby,Stennes,rstennes1k@mashable.com,Female,73.125.30.149
58,Brooks,Cahani,bcahani1l@sina.com.cn,Male,209.113.136.58
59,Philly,Kean,pkean1m@infoseek.co.jp,Female,119.238.217.142
60,Jeniece,Viall,jviall1n@paypal.com,Female,99.214.29.162
61,Cloris,Bohlens,cbohlens1o@google.com,Female,151.192.217.38
62,Clary,Bande,cbande1p@yellowpages.com,Female,19.186.79.31
63,Leticia,Beausang,lbeausang1q@google.com.au,Genderqueer,140.6.224.36
64,Durward,Jurgen,djurgen1r@epa.gov,Male,1.104.115.163
65,Lawrence,Lincoln,llincoln1s@example.com,Male,128.196.33.119
66,Veradis,Hamer,vhamer1t@cocolog-nifty.com,Female,61.223.218.19
67,Kristoforo,Blitzer,kblitzer1u@dailymail.co.uk,Male,157.21.173.252
68,Carlie,Arrundale,carrundale1v@cpanel.net,Male,6.97.227.17
69,Ignatius,Grimsdyke,igrimsdyke1w@booking.com,Male,52.50.78.56
70,Lindsy,Dullard,ldullard1x@mediafire.com,Female,144.134.1.155
71,Hughie,Tropman,htropman1y@live.com,Male,51.177.111.89
72,Shirlene,Antoniutti,santoniutti1z@intel.com,Female,49.15.146.249
73,Levy,Martel,lmartel20@oracle.com,Male,202.53.163.160
74,Gnni,Wrightim,gwrightim21@nydailynews.com,Polygender,179.21.147.74
75,Lloyd,Halpin,lhalpin22@fotki.com,Male,22.217.225.189
76,Reilly,Trulocke,rtrulocke23@dagondesign.com,Male,207.124.204.152
77,Fanchette,Duval,fduval24@prweb.com,Female,241.26.0.204
78,Reina,Covill,rcovill25@jigsy.com,Female,239.156.50.144
79,Aile,Kiezler,akiezler26@zdnet.com,Agender,52.218.7.183
80,Urban,Pennyman,upennyman27@reference.com,Male,144.75.43.63
81,Merridie,Agastina,magastina28@sohu.com,Bigender,40.255.54.119
82,Isador,Muddiman,imuddiman29@flavors.me,Male,2.148.121.86
83,Lana,Tabor,ltabor2a@aol.com,Female,169.140.26.105
84,Griffie,Issac,gissac2b@hibu.com,Male,80.198.98.49
85,Kurtis,McInility,kmcinility2c@biglobe.ne.jp,Male,125.150.159.64
86,Vinni,Bottomore,vbottomore2d@seattletimes.com,Female,232.211.7.137
87,Kennith,Leere,kleere2e@google.pl,Male,151.122.185.105
88,Dannie,Gidney,dgidney2f@elegantthemes.com,Male,57.191.69.97
89,Corrie,Schulke,cschulke2g@typepad.com,Male,78.191.199.202
90,Nichols,Grigorini,ngrigorini2h@sfgate.com,Male,119.44.45.84
91,Selena,Attyeo,sattyeo2i@si.edu,Female,58.210.229.18
92,Shelley,Sinclaire,ssinclaire2j@ocn.ne.jp,Female,48.25.96.41
93,Edmon,Gruszczak,egruszczak2k@mozilla.com,Male,85.151.223.43
94,Humfrid,McAndie,hmcandie2l@unc.edu,Non-binary,48.24.35.187
95,Miquela,Corrigan,mcorrigan2m@ask.com,Genderqueer,186.30.74.250
96,Des,Melody,dmelody2n@wiley.com,Genderfluid,73.184.47.88
97,Arty,Cockran,acockran2o@networksolutions.com,Male,107.45.43.173
98,Abigale,MacKnocker,amacknocker2p@tamu.edu,Female,139.241.202.193
99,Arlyne,O'Dowling,aodowling2q@umich.edu,Female,200.215.196.239
100,Danit,Creasy,dcreasy2r@wordpress.com,Female,230.220.200.73
101,Maxim,Barnett,mbarnett2s@dedecms.com,Male,152.81.93.232
102,Hyacinthia,Tenny,htenny2t@boston.com,Female,126.232.179.60
103,Elisha,Gero,egero2u@dot.gov,Female,128.55.161.210
104,Saul,Apple,sapple2v@foxnews.com,Male,68.27.105.123
105,Tawnya,Sargant,tsargant2w@cnet.com,Female,228.120.246.23
106,Carlynne,Houndsom,choundsom2x@shareasale.com,Female,232.137.64.50
107,Cate,Kollaschek,ckollaschek2y@taobao.com,Genderqueer,5.12.40.147
108,Hatty,Yare,hyare2z@wikispaces.com,Polygender,24.230.230.253
109,Ulrick,Belone,ubelone30@wufoo.com,Male,236.163.198.193
110,Kristoforo,McIlmorie,kmcilmorie31@usnews.com,Male,36.151.9.54
111,Della,Piatti,dpiatti32@addtoany.com,Female,67.129.237.28
112,Maynord,Jimmison,mjimmison33@tripod.com,Male,82.156.213.143
113,Phillipe,McAndrew,pmcandrew34@youtu.be,Male,89.100.141.229
114,Blake,Grichukhanov,bgrichukhanov35@spotify.com,Male,253.73.209.100
115,Ulrick,Snarie,usnarie36@yelp.com,Male,106.22.16.101
116,Evangelia,Garron,egarron37@mac.com,Polygender,78.90.158.227
117,Donavon,Denney,ddenney38@weibo.com,Male,130.83.103.116
118,Chris,Kordas,ckordas39@cbslocal.com,Male,231.245.27.205
119,Ardine,Small,asmall3a@cdc.gov,Female,238.8.23.23
120,Viviene,Casserley,vcasserley3b@statcounter.com,Female,115.41.225.245
121,Alida,Ansley,aansley3c@goo.ne.jp,Female,3.4.181.158
122,Joceline,Hackforth,jhackforth3d@theguardian.com,Female,245.235.171.173
123,Xaviera,Wogan,xwogan3e@twitter.com,Female,224.221.170.237
124,Tarah,Julian,tjulian3f@infoseek.co.jp,Female,13.26.183.217
125,Itch,Gravell,igravell3g@behance.net,Male,168.122.179.197
126,Maddalena,Stollenwerck,mstollenwerck3h@reverbnation.com,Female,189.203.19.140
127,Barthel,Nellis,bnellis3i@narod.ru,Male,78.241.76.15
128,Dominga,Di Franceshci,ddifranceshci3j@nytimes.com,Female,93.112.42.227
129,Petronilla,Trewinnard,ptrewinnard3k@virginia.edu,Female,208.215.252.86
130,Shane,Drance,sdrance3l@ucla.edu,Male,25.114.90.0
131,Everett,McLaggan,emclaggan3m@google.pl,Male,119.206.201.128
132,Hanson,Dance,hdance3n@usda.gov,Male,147.51.119.210
133,Marrissa,Chastney,mchastney3o@youtube.com,Female,250.101.239.179
134,Sibylle,Shmyr,sshmyr3p@state.tx.us,Female,181.55.145.146
135,Imogen,Telford,itelford3q@unesco.org,Female,160.187.38.219
136,Vladamir,Bielby,vbielby3r@pcworld.com,Male,132.15.235.75
137,Kerrill,Hearl,khearl3s@google.ru,Female,56.242.51.30
138,Jeffie,Cokayne,jcokayne3t@imdb.com,Male,56.198.248.38
139,Gabriellia,Burgill,gburgill3u@usatoday.com,Female,167.80.114.142
140,Winifield,Pandey,wpandey3v@salon.com,Male,50.221.195.203
141,Coleman,Gouldstraw,cgouldstraw3w@mashable.com,Male,1.159.145.138
142,Fred,Ferronel,fferronel3x@wikispaces.com,Genderfluid,207.36.43.85
143,Lynsey,Backshill,lbackshill3y@ucla.edu,Female,12.32.236.28
144,Constantine,Colquhoun,ccolquhoun3z@privacy.gov.au,Female,120.250.179.177
145,Clarey,Cantu,ccantu40@state.gov,Female,248.10.186.191
146,Issiah,Eykel,ieykel41@merriam-webster.com,Male,226.157.174.57
147,Francklin,Slainey,fslainey42@lulu.com,Male,185.36.216.129
148,Lynnea,Huyhton,lhuyhton43@google.co.jp,Female,178.198.172.135
149,Herschel,Whyborn,hwhyborn44@blinklist.com,Male,233.92.27.23
150,Karin,Backhurst,kbackhurst45@rakuten.co.jp,Female,161.124.40.193
151,Buddy,Ferroli,bferroli46@google.fr,Genderqueer,217.216.210.72
152,Carmelita,Double,cdouble47@upenn.edu,Female,155.156.194.13
153,Hillery,Minton,hminton48@craigslist.org,Male,12.14.21.192
154,Ilyse,Burgoin,iburgoin49@yelp.com,Female,129.238.155.61
155,Germain,Lineker,glineker4a@digg.com,Male,44.155.183.179
156,Charlene,Gemmill,cgemmill4b@indiegogo.com,Female,202.113.247.134
157,Shelbi,Owttrim,sowttrim4c@hc360.com,Female,165.100.127.207
158,Adham,Godber,agodber4d@usgs.gov,Male,187.214.160.189
159,Olav,Durrance,odurrance4e@hibu.com,Male,175.161.111.72
160,Chloette,Iddiens,ciddiens4f@reuters.com,Female,92.152.231.224
161,Sammy,Siddle,ssiddle4g@purevolume.com,Male,157.83.229.176
162,Korie,Rangeley,krangeley4h@disqus.com,Female,28.17.198.83
163,Deina,Boxe,dboxe4i@csmonitor.com,Female,147.99.149.112
164,Vic,Bastide,vbastide4j@fema.gov,Male,104.57.128.26
165,Vitoria,Probert,vprobert4k@sun.com,Female,252.53.8.154
166,Hana,Paddison,hpaddison4l@amazonaws.com,Female,114.98.121.188
167,Corilla,Renison,crenison4m@usa.gov,Female,213.73.80.70
168,Allianora,De Ferrari,adeferrari4n@hhs.gov,Female,47.71.9.30
169,Ruddie,Jesse,rjesse4o@1und1.de,Male,197.189.139.110
170,Wilhelmina,Ronca,wronca4p@odnoklassniki.ru,Female,185.206.240.18
171,Chrysa,Nestoruk,cnestoruk4q@cloudflare.com,Non-binary,10.186.39.247
172,Erwin,Craft,ecraft4r@gravatar.com,Male,174.101.244.207
173,Bambi,Gorrick,bgorrick4s@hao123.com,Female,118.156.222.101
174,Kanya,Mylan,kmylan4t@ucsd.edu,Female,233.187.123.81
175,Joya,Abdie,jabdie4u@behance.net,Female,146.176.111.89
176,Harvey,Hazzard,hhazzard4v@yolasite.com,Male,157.146.5.190
177,Licha,Brooker,lbrooker4w@elegantthemes.com,Female,228.58.51.99
178,Shell,Dredge,sdredge4x@imageshack.us,Male,77.114.139.206
179,Catherine,Maddigan,cmaddigan4y@skyrock.com,Female,39.189.237.190
180,Judas,Thieme,jthieme4z@blogtalkradio.com,Male,126.73.45.90
181,Bryce,Boyat,bboyat50@nature.com,Male,62.223.218.35
182,Fancy,Shave,fshave51@usa.gov,Female,201.228.50.133
183,Albertina,Loidl,aloidl52@arstechnica.com,Female,250.125.106.147
184,Yevette,Sherland,ysherland53@columbia.edu,Female,146.0.101.200
185,Ottilie,Opy,oopy54@abc.net.au,Female,201.178.104.200
186,Elinore,Larvin,elarvin55@diigo.com,Female,177.156.31.85
187,Maitilde,Flancinbaum,mflancinbaum56@answers.com,Female,45.187.146.13
188,Annadiane,Labrone,alabrone57@technorati.com,Non-binary,4.24.226.184
189,Sarette,Adan,sadan58@about.me,Female,117.171.118.97
190,Zenia,Dann,zdann59@wikimedia.org,Female,68.111.82.123
191,Wilfrid,Mingey,wmingey5a@yellowpages.com,Male,32.66.27.242
192,Cyndi,Jacmard,cjacmard5b@netscape.com,Female,223.248.212.141
193,Winna,Amberson,wamberson5c@mozilla.org,Female,1.135.26.229
194,Barrett,Vanin,bvanin5d@fc2.com,Male,200.218.124.4
195,Willy,Giurio,wgiurio5e@tripod.com,Male,100.147.226.220
196,Kristo,Dunkley,kdunkley5f@51.la,Male,165.196.59.33
197,Sheryl,Burman,sburman5g@hatena.ne.jp,Female,34.71.250.112
198,Marcos,Peart,mpeart5h@trellian.com,Genderqueer,189.54.193.85
199,Jasen,Heugel,jheugel5i@mayoclinic.com,Male,243.66.212.109
200,Jocelyn,Fruchter,jfruchter5j@shareasale.com,Female,15.118.70.190
